<?xml version='1.0' encoding='UTF-8'?>
<?artifactRepository version='1.1.0'?>
<repository name='file:/D:/Kellton/Mule%20POC&apos;s/Mule%20POC&apos;s/info-state-connector/target/update-site/ - artifacts' type='org.eclipse.equinox.p2.artifact.repository.simpleRepository' version='1'>
  <properties size='2'>
    <property name='p2.timestamp' value='1510865832970'/>
    <property name='p2.compressed' value='false'/>
  </properties>
  <mappings size='3'>
    <rule filter='(&amp; (classifier=osgi.bundle))' output='${repoUrl}/plugins/${id}_${version}.jar'/>
    <rule filter='(&amp; (classifier=binary))' output='${repoUrl}/binary/${id}_${version}'/>
    <rule filter='(&amp; (classifier=org.eclipse.update.feature))' output='${repoUrl}/features/${id}_${version}.jar'/>
  </mappings>
  <artifacts size='2'>
    <artifact classifier='osgi.bundle' id='org.mule.tooling.ui.contribution.info-state.3.5.0' version='1.0.0.201711170227'>
      <properties size='3'>
        <property name='artifact.size' value='358161'/>
        <property name='download.size' value='358161'/>
        <property name='download.md5' value='ed7847a6f1a7e996d908e1863bea3592'/>
      </properties>
    </artifact>
    <artifact classifier='org.eclipse.update.feature' id='org.mule.tooling.ui.extension.info-state-connector.3.5.0' version='1.0.0.201711170227'>
      <properties size='4'>
        <property name='artifact.size' value='649'/>
        <property name='download.size' value='649'/>
        <property name='download.md5' value='bce02e01fada49d22d5a65a2475950e0'/>
        <property name='download.contentType' value='application/zip'/>
      </properties>
    </artifact>
  </artifacts>
</repository>
